dataset,variable_name,definition,source,calculation,unit,applicability,missing_values,calculation_version
response_stage_visits.csv,research_student_id,Stable pseudonymous student join key; not the login name.,Research pseudonymization service,Derived using the configured research pseudonymization key; join only within compatible pseudonym versions.,identifier,Rows with the named source record.,"Blank means unavailable or inapplicable, not zero. Historical observations are not backfilled.",response-stage-derivation-v2
response_stage_visits.csv,assessment_public_id,Administered assessment version identifier; corrected versions have different IDs.,AssessmentSession.assessment,Directly recorded; no calculation.,identifier,Rows with the named source record.,"Blank means unavailable or inapplicable, not zero. Historical observations are not backfilled.",response-stage-derivation-v2
response_stage_visits.csv,session_public_id,One assessment attempt; the primary join to sessions.csv and attempt_records.csv.,AssessmentSession.session_public_id,Directly recorded; no calculation.,identifier,Rows with the named source record.,"Blank means unavailable or inapplicable, not zero. Historical observations are not backfilled.",response-stage-derivation-v2
response_stage_visits.csv,attempt_number,"Original attempt number within the assessment version, not a renumbered completion rank.",AssessmentSession.attempt_number,Directly recorded; waived and incomplete attempts can leave gaps.,integer,Rows with the named source record.,"Blank means unavailable or inapplicable, not zero. Historical observations are not backfilled.",response-stage-derivation-v2
response_stage_visits.csv,item_snapshot_public_id,Snapshot join key for an administered response; pair with its assessment snapshot in item_responses.csv.,ItemResponse administered snapshot,Use the existing snapshot identifier; no snapshot is invented for a viewed item without a response.,identifier,Rows with the named source record.,"Blank means unavailable or inapplicable, not zero. Historical observations are not backfilled.",response-stage-derivation-v2
response_stage_visits.csv,item_version,"Administered item version, not the current editable item version.",ItemResponse.item_version_snapshot,Directly recorded.,integer,Rows with the named source record.,"Blank means unavailable or inapplicable, not zero. Historical observations are not backfilled.",response-stage-derivation-v2
response_stage_visits.csv,stage_visit_id,One visit to one response stage. A return/reload can produce another visit.,Browser recorder; linked in backend action outcome,Directly recorded; no calculation.,identifier,Rows with the named source record.,"Blank means unavailable or inapplicable, not zero. Historical observations are not backfilled.",response-stage-derivation-v2
response_stage_visits.csv,item_public_id,Item associated with the event or response; not a cross-version equivalence key.,ProcessEvent.item or ItemResponse.item,Directly recorded; no calculation.,identifier,Rows with the named source record.,"Blank means unavailable or inapplicable, not zero. Historical observations are not backfilled.",response-stage-derivation-v2
response_stage_visits.csv,browser_tab_id,Browser-document capture identifier; changes on reload and is not a device or persistent tab identifier.,Frontend event envelope,Directly recorded; no calculation.,identifier,Rows with the named source record.,"Blank means unavailable or inapplicable, not zero. Historical observations are not backfilled.",response-stage-derivation-v2
response_stage_visits.csv,response_stage,"Answer, reasoning, confidence, tempting_option, tempting_reason, or revision controls being observed.",Browser stage context,Directly recorded. package_review is reserved in the schema but has no standalone emitting UI; review edits emit revision.,category,Rows with the named source record.,"Blank means unavailable or inapplicable, not zero. Historical observations are not backfilled.",response-stage-derivation-v2
response_stage_visits.csv,response_phase,"Browser context: initial, transfer, review, or revision; not authoritative assessment state.",Browser stage context,Directly recorded; use server_phase for the backend state.,category,Rows with the named source record.,"Blank means unavailable or inapplicable, not zero. Historical observations are not backfilled.",response-stage-derivation-v2
response_stage_visits.csv,ready_at,"Client time when controls were visible, in the viewport and usable; not proof the prompt was read.",ready observation,Select the named event and serialize as ISO 8601 UTC; never subtract a client timestamp from a server timestamp.,UTC timestamp,Rows with the named source record.,"Blank means unavailable or inapplicable, not zero. Historical observations are not backfilled.",response-stage-derivation-v2
response_stage_visits.csv,first_action_at,Client time of the first first_input or submitted observation in visit sequence.,First meaningful response observation,Select the named event and serialize as ISO 8601 UTC; never subtract a client timestamp from a server timestamp.,UTC timestamp,Rows with the named source record.,"Blank means unavailable or inapplicable, not zero. Historical observations are not backfilled.",response-stage-derivation-v2
response_stage_visits.csv,first_input_at,"Client time of the first observed field input, including paste/IME input.",first_input observation,Select the named event and serialize as ISO 8601 UTC; never subtract a client timestamp from a server timestamp.,UTC timestamp,Rows with the named source record.,"Blank means unavailable or inapplicable, not zero. Historical observations are not backfilled.",response-stage-derivation-v2
response_stage_visits.csv,first_submitted_at,"Client time of the first observed submission, whether accepted or rejected.",First submitted observation,Select the named event and serialize as ISO 8601 UTC; never subtract a client timestamp from a server timestamp.,UTC timestamp,Rows with the named source record.,"Blank means unavailable or inapplicable, not zero. Historical observations are not backfilled.",response-stage-derivation-v2
response_stage_visits.csv,last_accepted_submitted_at,Client time of the last submission in this visit joined to an accepted backend result.,Last accepted submitted observation,Select the named event and serialize as ISO 8601 UTC; never subtract a client timestamp from a server timestamp.,UTC timestamp,Rows with the named source record.,"Blank means unavailable or inapplicable, not zero. Historical observations are not backfilled.",response-stage-derivation-v2
response_stage_visits.csv,accepted_at,Server time of the first accepted linked outcome. Deliberately not the last_accepted_submitted_at clock or endpoint.,First accepted backend response_stage_outcome.occurred_at,Select the named event and serialize as ISO 8601 UTC; never subtract a client timestamp from a server timestamp.,UTC timestamp,Rows with the named source record.,"Blank means unavailable or inapplicable, not zero. Historical observations are not backfilled.",response-stage-derivation-v2
response_stage_visits.csv,closed_at,Client time of recorded visit closure; may be unavailable after abrupt shutdown.,closed observation,Select the named event and serialize as ISO 8601 UTC; never subtract a client timestamp from a server timestamp.,UTC timestamp,Rows with the named source record.,"Blank means unavailable or inapplicable, not zero. Historical observations are not backfilled.",response-stage-derivation-v2
response_stage_visits.csv,close_reason,"Why the recorder closed a visit: stage_changed, view_left, pause_requested, or end_requested.",First closed observation.reason,Directly recorded. A requested pause/end is not proof of successful server completion; use lifecycle records.,category,closed observations only.,"Blank means unavailable or inapplicable, not zero. Historical observations are not backfilled.",response-stage-derivation-v2
response_stage_visits.csv,time_to_first_action_ms,Ready to first observed text input or submitted selection; focus/mouse movement do not count.,response_stage_observation in ProcessEvent,first(first_input or submitted by observation_sequence).monotonic_ms - ready.monotonic_ms. Use rounded nonnegative monotonic differences within one browser document; conflicting context/order or absent endpoints yield blank.,milliseconds,One visit with both named browser endpoints.,"Blank means unavailable or inapplicable, not zero. Historical observations are not backfilled.",response-stage-derivation-v2
response_stage_visits.csv,input_start_latency_ms,Ready to first text/input change; not an estimate of mental reading time.,response_stage_observation in ProcessEvent,first_input.monotonic_ms - ready.monotonic_ms. Use rounded nonnegative monotonic differences within one browser document; conflicting context/order or absent endpoints yield blank.,milliseconds,Text-entry stages; blank is expected for chip-only selections.,"Blank means unavailable or inapplicable, not zero. Historical observations are not backfilled.",response-stage-derivation-v2
response_stage_visits.csv,input_elapsed_ms,"First input to first submission, including pauses, not active typing time.",response_stage_observation in ProcessEvent,first_submitted.monotonic_ms - first_input.monotonic_ms. Use rounded nonnegative monotonic differences within one browser document; conflicting context/order or absent endpoints yield blank.,milliseconds,One visit with both named browser endpoints.,"Blank means unavailable or inapplicable, not zero. Historical observations are not backfilled.",response-stage-derivation-v2
response_stage_visits.csv,response_elapsed_ms,"Ready to first submitted action, even if that action is rejected.",response_stage_observation in ProcessEvent,first_submitted.monotonic_ms - ready.monotonic_ms. Use rounded nonnegative monotonic differences within one browser document; conflicting context/order or absent endpoints yield blank.,milliseconds,One visit with both named browser endpoints.,"Blank means unavailable or inapplicable, not zero. Historical observations are not backfilled.",response-stage-derivation-v2
response_stage_visits.csv,time_to_accepted_submission_ms,Ready to the last submission in the visit with an accepted backend outcome.,response_stage_observation in ProcessEvent,last submitted where linked accepted=true: monotonic_ms - ready.monotonic_ms. Earlier rejected submissions and intervening waits are included. Use rounded nonnegative monotonic differences within one browser document; conflicting context/order or absent endpoints yield blank.,milliseconds,One visit with both named browser endpoints.,"Blank means unavailable or inapplicable, not zero. Historical observations are not backfilled.",response-stage-derivation-v2
response_stage_visits.csv,input_to_accepted_ms,First input to the last submission in this visit accepted by the backend.,response_stage_observation in ProcessEvent,last accepted submission.monotonic_ms - first_input.monotonic_ms; includes pauses and any earlier request waits. Use rounded nonnegative monotonic differences within one browser document; conflicting context/order or absent endpoints yield blank.,milliseconds,One visit with both named browser endpoints.,"Blank means unavailable or inapplicable, not zero. Historical observations are not backfilled.",response-stage-derivation-v2
response_stage_visits.csv,stage_elapsed_ms,Ready to recorded visit close; includes student and system time.,response_stage_observation in ProcessEvent,closed.monotonic_ms - ready.monotonic_ms. Use rounded nonnegative monotonic differences within one browser document; conflicting context/order or absent endpoints yield blank.,milliseconds,One visit with both named browser endpoints.,"Blank means unavailable or inapplicable, not zero. Historical observations are not backfilled.",response-stage-derivation-v2
response_stage_visits.csv,request_wait_ms,"Total submit-to-request-finished waiting; a subset of system waiting, not additional time.",response_stage_observation in ProcessEvent,"SUM(request_finished.monotonic_ms - submitted.monotonic_ms), paired by submission_id. Blank if ready is absent, any endpoint is missing, or observation_sequence has a gap; 0 for a ready visit with no submissions. Use rounded nonnegative monotonic differences within one browser document; conflicting context/order or absent endpoints yield blank.",milliseconds,One visit with both named browser endpoints.,"Blank means unavailable or inapplicable, not zero. Historical observations are not backfilled.",response-stage-derivation-v2
response_stage_visits.csv,system_wait_ms,"Total submit-to-controls-ready waiting, including request, refresh and rendering.",response_stage_observation in ProcessEvent,"SUM(controls_ready.monotonic_ms - submitted.monotonic_ms), paired by submission_id. Blank if ready is absent, any endpoint is missing, or observation_sequence has a gap; 0 for a ready visit with no submissions. Use rounded nonnegative monotonic differences within one browser document; conflicting context/order or absent endpoints yield blank.",milliseconds,One visit with both named browser endpoints.,"Blank means unavailable or inapplicable, not zero. Historical observations are not backfilled.",response-stage-derivation-v2
response_stage_visits.csv,hidden_duration_ms,Duration of captured hidden-to-visible pairs; overlaps other durations and is not additive to them.,response_stage_observation in ProcessEvent,"SUM(visible.monotonic_ms - preceding unmatched hidden.monotonic_ms). Require ready, closed, contiguous sequence, and complete unambiguous pairs; otherwise blank. Complete visits with no hidden events yield 0. Use rounded nonnegative monotonic differences within one browser document; conflicting context/order or absent endpoints yield blank.",milliseconds,One visit with both named browser endpoints.,"Blank means unavailable or inapplicable, not zero. Historical observations are not backfilled.",response-stage-derivation-v2
response_stage_visits.csv,hidden_count,Observed document-hidden transitions during a visit.,response_stage_observation in ProcessEvent,COUNT(observation_kind=hidden) after event-ID deduplication.,count,Observed records only; absent events do not prove that an action did not occur.,"Zero means no matching event among the captured records, not verified absence of behavior. Check timing_limitations.",response-stage-derivation-v2
response_stage_visits.csv,return_count,"Captured hidden-to-visible pairs, not total returns to the assessment across visits.",response_stage_observation in ProcessEvent,COUNT(visible events that have a preceding unmatched hidden event).,count,Observed records only; absent events do not prove that an action did not occur.,"Zero means no matching event among the captured records, not verified absence of behavior. Check timing_limitations.",response-stage-derivation-v2
response_stage_visits.csv,focus_loss_count,"Window blur events, not proof of leaving the task.",response_stage_observation in ProcessEvent,COUNT(observation_kind=blur).,count,Observed records only; absent events do not prove that an action did not occur.,"Zero means no matching event among the captured records, not verified absence of behavior. Check timing_limitations.",response-stage-derivation-v2
response_stage_visits.csv,offline_count,Observed browser offline transitions.,response_stage_observation in ProcessEvent,COUNT(observation_kind=offline).,count,Observed records only; absent events do not prove that an action did not occur.,"Zero means no matching event among the captured records, not verified absence of behavior. Check timing_limitations.",response-stage-derivation-v2
response_stage_visits.csv,offline_duration_ms,Duration between captured browser offline/online signals; these do not prove server connectivity.,response_stage_observation in ProcessEvent,"SUM(online.monotonic_ms - preceding unmatched offline.monotonic_ms). Require ready, closed, contiguous sequence, and complete unambiguous pairs; otherwise blank. Complete visits with no offline events yield 0. Use rounded nonnegative monotonic differences within one browser document; conflicting context/order or absent endpoints yield blank.",milliseconds,One visit with both named browser endpoints.,"Blank means unavailable or inapplicable, not zero. Historical observations are not backfilled.",response-stage-derivation-v2
response_stage_visits.csv,submission_count,"Observed submitted actions, including rejected attempts and manual retries.",response_stage_observation in ProcessEvent,COUNT(observation_kind=submitted); duplicate event deliveries excluded.,count,Observed records only; absent events do not prove that an action did not occur.,"Zero means no matching event among the captured records, not verified absence of behavior. Check timing_limitations.",response-stage-derivation-v2
response_stage_visits.csv,accepted_submission_count,Observed submissions with an accepted backend outcome.,Browser submissions joined to backend response_stage_outcome,COUNT(submissions with matching submission_id and accepted=true); backend outcomes deduplicated by submission_id.,count,Observed records only; absent events do not prove that an action did not occur.,"Zero means no matching event among the captured records, not verified absence of behavior. Check timing_limitations.",response-stage-derivation-v2
response_stage_visits.csv,validation_rejection_count,"Backend validation rejections linked to the visit, not wrong MCQ answers.",Backend response_stage_outcome,COUNT(unique backend submission_id where validation_rejected=true).,count,Observed records only; absent events do not prove that an action did not occur.,"Zero means no matching event among the captured records, not verified absence of behavior. Check timing_limitations.",response-stage-derivation-v2
response_stage_visits.csv,request_failure_count,Observed request failures; not necessarily server rejection or provider failure.,response_stage_observation in ProcessEvent,COUNT(request_finished where result=request_failed).,count,Observed records only; absent events do not prove that an action did not occur.,"Zero means no matching event among the captured records, not verified absence of behavior. Check timing_limitations.",response-stage-derivation-v2
response_stage_visits.csv,input_change_count,"Observed input-change events, not conceptual revisions or physical keystrokes.",response_stage_observation in ProcessEvent,"MAX(recorded input_change_count, 0) across visit payloads. Recorder increments on each input event when not awaiting an action; snapshots emitted on submitted/closed. In event rows, direct payload value or blank.",count,Observed records only; absent events do not prove that an action did not occur.,"Zero means no matching event among the captured records, not verified absence of behavior. Check timing_limitations.",response-stage-derivation-v2
response_stage_visits.csv,timing_quality_status,"Coverage status: valid, partial, or not_recorded; valid does not validate attention or client truthfulness.",Response-stage derivation,"Visit: partial if any timing_limitations exist, otherwise valid. Item: not_recorded if no initial/transfer visits; valid only when every such visit is valid, otherwise partial.",category,Rows with the named source record.,"Blank means unavailable or inapplicable, not zero. Historical observations are not backfilled.",response-stage-derivation-v2
response_stage_visits.csv,timing_limitations,"Pipe-delimited flags explaining missing endpoints, sequence gaps, context/order conflicts, missing outcomes or unpaired visibility/connectivity.",Response-stage derivation,Unique detected flags joined with |. Partial endpoints can still support individual durations; cumulative durations require contiguous capture.,flag list,Derived stage visits.,"Empty string means no listed limitation for this visit, not proof of complete real-world behavior capture.",response-stage-derivation-v2
response_stage_visits.csv,observation_version,"Collector schema version, response-stage-observation-v1.",Browser payload,Directly recorded on observations; populated from the collector contract on derived visit rows.,version,Rows with the named source record.,"Blank means unavailable or inapplicable, not zero. Historical observations are not backfilled.",response-stage-derivation-v2
response_stage_visits.csv,calculation_version,"Version of the derived visit/item calculations, separate from the raw collector version.",Research derivation code,Constant response-stage-derivation-v2 for this export.,version,Rows with the named source record.,"Blank means unavailable or inapplicable, not zero. Historical observations are not backfilled.",response-stage-derivation-v2
item_behavior_summary.csv,research_student_id,Stable pseudonymous student join key; not the login name.,Research pseudonymization service,Derived using the configured research pseudonymization key; join only within compatible pseudonym versions.,identifier,Rows with the named source record.,"Blank means unavailable or inapplicable, not zero. Historical observations are not backfilled.",response-stage-derivation-v2
item_behavior_summary.csv,assessment_public_id,Administered assessment version identifier; corrected versions have different IDs.,AssessmentSession.assessment,Directly recorded; no calculation.,identifier,Rows with the named source record.,"Blank means unavailable or inapplicable, not zero. Historical observations are not backfilled.",response-stage-derivation-v2
item_behavior_summary.csv,session_public_id,One assessment attempt; the primary join to sessions.csv and attempt_records.csv.,AssessmentSession.session_public_id,Directly recorded; no calculation.,identifier,Rows with the named source record.,"Blank means unavailable or inapplicable, not zero. Historical observations are not backfilled.",response-stage-derivation-v2
item_behavior_summary.csv,attempt_number,"Original attempt number within the assessment version, not a renumbered completion rank.",AssessmentSession.attempt_number,Directly recorded; waived and incomplete attempts can leave gaps.,integer,Rows with the named source record.,"Blank means unavailable or inapplicable, not zero. Historical observations are not backfilled.",response-stage-derivation-v2
item_behavior_summary.csv,item_public_id,Item associated with the event or response; not a cross-version equivalence key.,ProcessEvent.item or ItemResponse.item,Directly recorded; no calculation.,identifier,Rows with the named source record.,"Blank means unavailable or inapplicable, not zero. Historical observations are not backfilled.",response-stage-derivation-v2
item_behavior_summary.csv,item_snapshot_public_id,Snapshot join key for an administered response; pair with its assessment snapshot in item_responses.csv.,ItemResponse administered snapshot,Use the existing snapshot identifier; no snapshot is invented for a viewed item without a response.,identifier,Rows with the named source record.,"Blank means unavailable or inapplicable, not zero. Historical observations are not backfilled.",response-stage-derivation-v2
item_behavior_summary.csv,item_version,"Administered item version, not the current editable item version.",ItemResponse.item_version_snapshot,Directly recorded.,integer,Rows with the named source record.,"Blank means unavailable or inapplicable, not zero. Historical observations are not backfilled.",response-stage-derivation-v2
item_behavior_summary.csv,observed_stage_visit_count,"All observed visits for the item, including initial/transfer/review/revision contexts.",response_stage_observation in ProcessEvent,"COUNT(derived visits for item_public_id). Zero explicitly means no stage observations, not no student activity.",count,Observed records only; absent events do not prove that an action did not occur.,"Zero means no matching event among the captured records, not verified absence of behavior. Check timing_limitations.",response-stage-derivation-v2
item_behavior_summary.csv,answer_time_ms,First observed initial/transfer answer stage summary; not necessarily the first real exposure.,Derived response_stage_visits.csv,Select the first visit by ready_at client-UTC ordering among initial/transfer visits of the named stage; copy answer.response_elapsed_ms. Blank if visit/value absent. Do not sum these summaries with their source visits.,milliseconds,Rows with the named source record.,"Blank means unavailable or inapplicable, not zero. Historical observations are not backfilled.",response-stage-derivation-v2
item_behavior_summary.csv,first_action_ms,First observed initial/transfer answer stage summary; not necessarily the first real exposure.,Derived response_stage_visits.csv,Select the first visit by ready_at client-UTC ordering among initial/transfer visits of the named stage; copy answer.time_to_first_action_ms. Blank if visit/value absent. Do not sum these summaries with their source visits.,milliseconds,Rows with the named source record.,"Blank means unavailable or inapplicable, not zero. Historical observations are not backfilled.",response-stage-derivation-v2
item_behavior_summary.csv,reasoning_start_latency_ms,First observed initial/transfer reasoning stage summary; not necessarily the first real exposure.,Derived response_stage_visits.csv,Select the first visit by ready_at client-UTC ordering among initial/transfer visits of the named stage; copy reasoning.input_start_latency_ms. Blank if visit/value absent. Do not sum these summaries with their source visits.,milliseconds,Rows with the named source record.,"Blank means unavailable or inapplicable, not zero. Historical observations are not backfilled.",response-stage-derivation-v2
item_behavior_summary.csv,reasoning_time_ms,First observed initial/transfer reasoning stage summary; not necessarily the first real exposure.,Derived response_stage_visits.csv,Select the first visit by ready_at client-UTC ordering among initial/transfer visits of the named stage; copy reasoning.response_elapsed_ms. Blank if visit/value absent. Do not sum these summaries with their source visits.,milliseconds,Rows with the named source record.,"Blank means unavailable or inapplicable, not zero. Historical observations are not backfilled.",response-stage-derivation-v2
item_behavior_summary.csv,reasoning_input_elapsed_ms,First observed initial/transfer reasoning stage summary; not necessarily the first real exposure.,Derived response_stage_visits.csv,Select the first visit by ready_at client-UTC ordering among initial/transfer visits of the named stage; copy reasoning.input_elapsed_ms. Blank if visit/value absent. Do not sum these summaries with their source visits.,milliseconds,Rows with the named source record.,"Blank means unavailable or inapplicable, not zero. Historical observations are not backfilled.",response-stage-derivation-v2
item_behavior_summary.csv,confidence_time_ms,First observed initial/transfer confidence stage summary; not necessarily the first real exposure.,Derived response_stage_visits.csv,Select the first visit by ready_at client-UTC ordering among initial/transfer visits of the named stage; copy confidence.response_elapsed_ms. Blank if visit/value absent. Do not sum these summaries with their source visits.,milliseconds,Rows with the named source record.,"Blank means unavailable or inapplicable, not zero. Historical observations are not backfilled.",response-stage-derivation-v2
item_behavior_summary.csv,system_wait_ms,"Total submit-to-controls-ready waiting, including request, refresh and rendering.",Derived response_stage_visits.csv,"SUM(system_wait_ms) across initial/transfer visits for this item, only if at least one visit exists and all values are nonblank; otherwise blank. Review/revision visits are excluded.",milliseconds,One visit with both named browser endpoints.,"Blank means unavailable or inapplicable, not zero. Historical observations are not backfilled.",response-stage-derivation-v2
item_behavior_summary.csv,hidden_duration_ms,Duration of captured hidden-to-visible pairs; overlaps other durations and is not additive to them.,Derived response_stage_visits.csv,"SUM(hidden_duration_ms) across initial/transfer visits for this item, only if at least one visit exists and all values are nonblank; otherwise blank. Review/revision visits are excluded.",milliseconds,One visit with both named browser endpoints.,"Blank means unavailable or inapplicable, not zero. Historical observations are not backfilled.",response-stage-derivation-v2
item_behavior_summary.csv,submission_count,"Observed submitted actions, including rejected attempts and manual retries.",Derived response_stage_visits.csv,SUM(submission_count) across initial/transfer visits for this item; 0 for no observed visits. Review/revision visits are excluded; inspect observed_stage_visit_count before interpreting zero.,count,Observed records only; absent events do not prove that an action did not occur.,"Zero means no matching event among the captured records, not verified absence of behavior. Check timing_limitations.",response-stage-derivation-v2
item_behavior_summary.csv,validation_rejection_count,"Backend validation rejections linked to the visit, not wrong MCQ answers.",Derived response_stage_visits.csv,SUM(validation_rejection_count) across initial/transfer visits for this item; 0 for no observed visits. Review/revision visits are excluded; inspect observed_stage_visit_count before interpreting zero.,count,Observed records only; absent events do not prove that an action did not occur.,"Zero means no matching event among the captured records, not verified absence of behavior. Check timing_limitations.",response-stage-derivation-v2
item_behavior_summary.csv,timing_quality_status,"Coverage status: valid, partial, or not_recorded; valid does not validate attention or client truthfulness.",Response-stage derivation,"Visit: partial if any timing_limitations exist, otherwise valid. Item: not_recorded if no initial/transfer visits; valid only when every such visit is valid, otherwise partial.",category,Rows with the named source record.,"Blank means unavailable or inapplicable, not zero. Historical observations are not backfilled.",response-stage-derivation-v2
item_behavior_summary.csv,calculation_version,"Version of the derived visit/item calculations, separate from the raw collector version.",Research derivation code,Constant response-stage-derivation-v2 for this export.,version,Rows with the named source record.,"Blank means unavailable or inapplicable, not zero. Historical observations are not backfilled.",response-stage-derivation-v2
response_stage_events.csv,research_student_id,Stable pseudonymous student join key; not the login name.,Research pseudonymization service,Derived using the configured research pseudonymization key; join only within compatible pseudonym versions.,identifier,Rows with the named source record.,"Blank means unavailable or inapplicable, not zero. Historical observations are not backfilled.",response-stage-derivation-v2
response_stage_events.csv,assessment_public_id,Administered assessment version identifier; corrected versions have different IDs.,AssessmentSession.assessment,Directly recorded; no calculation.,identifier,Rows with the named source record.,"Blank means unavailable or inapplicable, not zero. Historical observations are not backfilled.",response-stage-derivation-v2
response_stage_events.csv,session_public_id,One assessment attempt; the primary join to sessions.csv and attempt_records.csv.,AssessmentSession.session_public_id,Directly recorded; no calculation.,identifier,Rows with the named source record.,"Blank means unavailable or inapplicable, not zero. Historical observations are not backfilled.",response-stage-derivation-v2
response_stage_events.csv,attempt_number,"Original attempt number within the assessment version, not a renumbered completion rank.",AssessmentSession.attempt_number,Directly recorded; waived and incomplete attempts can leave gaps.,integer,Rows with the named source record.,"Blank means unavailable or inapplicable, not zero. Historical observations are not backfilled.",response-stage-derivation-v2
response_stage_events.csv,item_public_id,Item associated with the event or response; not a cross-version equivalence key.,ProcessEvent.item or ItemResponse.item,Directly recorded; no calculation.,identifier,Rows with the named source record.,"Blank means unavailable or inapplicable, not zero. Historical observations are not backfilled.",response-stage-derivation-v2
response_stage_events.csv,item_snapshot_public_id,Snapshot join key for an administered response; pair with its assessment snapshot in item_responses.csv.,ItemResponse administered snapshot,Use the existing snapshot identifier; no snapshot is invented for a viewed item without a response.,identifier,Rows with the named source record.,"Blank means unavailable or inapplicable, not zero. Historical observations are not backfilled.",response-stage-derivation-v2
response_stage_events.csv,item_version,"Administered item version, not the current editable item version.",ItemResponse.item_version_snapshot,Directly recorded.,integer,Rows with the named source record.,"Blank means unavailable or inapplicable, not zero. Historical observations are not backfilled.",response-stage-derivation-v2
response_stage_events.csv,event_type,Stored response-stage observation/outcome or feedback display event type.,ProcessEvent.event_type,Directly recorded.,category,Rows with the named source record.,"Blank means unavailable or inapplicable, not zero. Historical observations are not backfilled.",response-stage-derivation-v2
response_stage_events.csv,event_source,"Component recording the event, normally frontend for observations and backend for action outcomes.",ProcessEvent.event_source,Directly recorded; client observations cannot create backend acceptance.,category,Rows with the named source record.,"Blank means unavailable or inapplicable, not zero. Historical observations are not backfilled.",response-stage-derivation-v2
response_stage_events.csv,occurred_at,Event occurrence time on the event's source clock; frontend and backend rows use different clocks.,ProcessEvent.occurred_at,Select the named event and serialize as ISO 8601 UTC; never subtract a client timestamp from a server timestamp.,UTC timestamp,Rows with the named source record.,"Blank means unavailable or inapplicable, not zero. Historical observations are not backfilled.",response-stage-derivation-v2
response_stage_events.csv,stage_visit_id,One visit to one response stage. A return/reload can produce another visit.,Browser recorder; linked in backend action outcome,Directly recorded; no calculation.,identifier,Rows with the named source record.,"Blank means unavailable or inapplicable, not zero. Historical observations are not backfilled.",response-stage-derivation-v2
response_stage_events.csv,browser_tab_id,Browser-document capture identifier; changes on reload and is not a device or persistent tab identifier.,Frontend event envelope,Directly recorded; no calculation.,identifier,Rows with the named source record.,"Blank means unavailable or inapplicable, not zero. Historical observations are not backfilled.",response-stage-derivation-v2
response_stage_events.csv,response_stage,"Answer, reasoning, confidence, tempting_option, tempting_reason, or revision controls being observed.",Browser stage context,Directly recorded. package_review is reserved in the schema but has no standalone emitting UI; review edits emit revision.,category,Rows with the named source record.,"Blank means unavailable or inapplicable, not zero. Historical observations are not backfilled.",response-stage-derivation-v2
response_stage_events.csv,response_phase,"Browser context: initial, transfer, review, or revision; not authoritative assessment state.",Browser stage context,Directly recorded; use server_phase for the backend state.,category,Rows with the named source record.,"Blank means unavailable or inapplicable, not zero. Historical observations are not backfilled.",response-stage-derivation-v2
response_stage_events.csv,observation_kind,"ready, first_input, submitted, request_finished, controls_ready, hidden, visible, blur, focus, offline, online, or closed.",Browser recorder,Directly recorded.,category,Frontend observation rows only.,"Blank means unavailable or inapplicable, not zero. Historical observations are not backfilled.",response-stage-derivation-v2
response_stage_events.csv,observation_sequence,Increasing event number within a stage visit; gaps identify lost observations.,Browser recorder,"Increment by one for each emitted observation, starting at 1.",integer,Rows with the named source record.,"Blank means unavailable or inapplicable, not zero. Historical observations are not backfilled.",response-stage-derivation-v2
response_stage_events.csv,monotonic_ms,Browser performance.now() reading; not elapsed time since item presentation by itself.,Browser recorder,Directly recorded. Subtract only values from the same browser document.,milliseconds,Rows with the named source record.,"Blank means unavailable or inapplicable, not zero. Historical observations are not backfilled.",response-stage-derivation-v2
response_stage_events.csv,submission_id,Join between a browser submission and its authoritative backend outcome; also links request/UI endpoints.,Browser submit operation,"New UUID for each observed submission, reused by its linked events.",identifier,"Submission, request, controls-ready and backend outcome rows.","Blank means unavailable or inapplicable, not zero. Historical observations are not backfilled.",response-stage-derivation-v2
response_stage_events.csv,result,response_received or request_failed; receiving a response does not mean the answer was accepted.,Browser request completion,Directly recorded.,category,request_finished observations only.,"Blank means unavailable or inapplicable, not zero. Historical observations are not backfilled.",response-stage-derivation-v2
response_stage_events.csv,input_length,UTF-16 code-unit length of the field at the first observed input event; not final response length.,Browser input event,JavaScript field.value.length; includes pasted/IME input without storing draft text.,UTF-16 code units,first_input observations only.,"Blank means unavailable or inapplicable, not zero. Historical observations are not backfilled.",response-stage-derivation-v2
response_stage_events.csv,input_change_count,"Observed input-change events, not conceptual revisions or physical keystrokes.",response_stage_observation in ProcessEvent,"MAX(recorded input_change_count, 0) across visit payloads. Recorder increments on each input event when not awaiting an action; snapshots emitted on submitted/closed. In event rows, direct payload value or blank.",count,Observed records only; absent events do not prove that an action did not occur.,"Zero means no matching event among the captured records, not verified absence of behavior. Check timing_limitations.",response-stage-derivation-v2
response_stage_events.csv,reason,"Why the recorder closed a visit: stage_changed, view_left, pause_requested, or end_requested.",Browser close event,Directly recorded. A requested pause/end is not proof of successful server completion; use lifecycle records.,category,closed observations only.,"Blank means unavailable or inapplicable, not zero. Historical observations are not backfilled.",response-stage-derivation-v2
response_stage_events.csv,client_event_id,Stable delivery identity used to deduplicate a browser event across delivery retries.,Frontend event envelope,Directly recorded; delivery retries retain this ID.,identifier,Frontend rows only.,"Blank means unavailable or inapplicable, not zero. Historical observations are not backfilled.",response-stage-derivation-v2
response_stage_events.csv,client_occurred_at,Client-reported UTC occurrence time; may be affected by device clock adjustment.,Frontend event envelope,Select the named event and serialize as ISO 8601 UTC; never subtract a client timestamp from a server timestamp.,UTC timestamp,Rows with the named source record.,"Blank means unavailable or inapplicable, not zero. Historical observations are not backfilled.",response-stage-derivation-v2
response_stage_events.csv,server_received_at,"Backend ingestion time for a browser event, not the time the student acted.",Frontend ingestion envelope,Select the named event and serialize as ISO 8601 UTC; never subtract a client timestamp from a server timestamp.,UTC timestamp,Rows with the named source record.,"Blank means unavailable or inapplicable, not zero. Historical observations are not backfilled.",response-stage-derivation-v2
response_stage_events.csv,observation_version,"Collector schema version, response-stage-observation-v1.",Browser payload,Directly recorded on observations; populated from the collector contract on derived visit rows.,version,Rows with the named source record.,"Blank means unavailable or inapplicable, not zero. Historical observations are not backfilled.",response-stage-derivation-v2
response_stage_events.csv,action_status,"Backend action result, such as saved, item_completed, updated, unchanged, or a validation rejection.",Backend action transaction,"Copied from action_status, edit_status or submission_status; unknown if none exists.",category,Backend outcome rows only.,"Blank means unavailable or inapplicable, not zero. Historical observations are not backfilled.",response-stage-derivation-v2
response_stage_events.csv,accepted,Whether the authoritative action returned an accepted status; not item correctness.,Backend action transaction,"True for saved, item_completed, tempting_option_saved, updated or unchanged; false otherwise.",boolean,Backend outcome rows only.,"Blank means unavailable or inapplicable, not zero. Historical observations are not backfilled.",response-stage-derivation-v2
response_stage_events.csv,validation_rejected,Whether the server rejected response quality or a same-option tempting choice.,Backend action transaction,True for response_quality_rejected or same_option_tempting_rejected; false otherwise.,boolean,Backend outcome rows only.,"Blank means unavailable or inapplicable, not zero. Historical observations are not backfilled.",response-stage-derivation-v2
response_stage_events.csv,server_phase,Backend phase recorded with the action result; do not substitute the browser's response_phase.,Backend response_stage_outcome.payload.phase,Directly recorded.,category,Backend outcome rows only.,"Blank means unavailable or inapplicable, not zero. Historical observations are not backfilled.",response-stage-derivation-v2
response_stage_events.csv,client_action_id,Action idempotency identifier; retries reuse it to avoid duplicate authoritative writes.,Backend action transaction,Directly recorded.,identifier,Backend outcome rows only.,"Blank means unavailable or inapplicable, not zero. Historical observations are not backfilled.",response-stage-derivation-v2
response_revision_history.csv,research_student_id,Stable pseudonymous student join key; not the login name.,Research pseudonymization service,Derived using the configured research pseudonymization key; join only within compatible pseudonym versions.,identifier,Rows with the named source record.,"Blank means unavailable or inapplicable, not zero. Historical observations are not backfilled.",response-stage-derivation-v2
response_revision_history.csv,assessment_public_id,Administered assessment version identifier; corrected versions have different IDs.,AssessmentSession.assessment,Directly recorded; no calculation.,identifier,Rows with the named source record.,"Blank means unavailable or inapplicable, not zero. Historical observations are not backfilled.",response-stage-derivation-v2
response_revision_history.csv,session_public_id,One assessment attempt; the primary join to sessions.csv and attempt_records.csv.,AssessmentSession.session_public_id,Directly recorded; no calculation.,identifier,Rows with the named source record.,"Blank means unavailable or inapplicable, not zero. Historical observations are not backfilled.",response-stage-derivation-v2
response_revision_history.csv,attempt_number,"Original attempt number within the assessment version, not a renumbered completion rank.",AssessmentSession.attempt_number,Directly recorded; waived and incomplete attempts can leave gaps.,integer,Rows with the named source record.,"Blank means unavailable or inapplicable, not zero. Historical observations are not backfilled.",response-stage-derivation-v2
response_revision_history.csv,item_public_id,Item associated with the event or response; not a cross-version equivalence key.,ProcessEvent.item or ItemResponse.item,Directly recorded; no calculation.,identifier,Rows with the named source record.,"Blank means unavailable or inapplicable, not zero. Historical observations are not backfilled.",response-stage-derivation-v2
response_revision_history.csv,item_snapshot_public_id,Snapshot join key for an administered response; pair with its assessment snapshot in item_responses.csv.,ItemResponse administered snapshot,Use the existing snapshot identifier; no snapshot is invented for a viewed item without a response.,identifier,Rows with the named source record.,"Blank means unavailable or inapplicable, not zero. Historical observations are not backfilled.",response-stage-derivation-v2
response_revision_history.csv,item_version,"Administered item version, not the current editable item version.",ItemResponse.item_version_snapshot,Directly recorded.,integer,Rows with the named source record.,"Blank means unavailable or inapplicable, not zero. Historical observations are not backfilled.",response-stage-derivation-v2
response_revision_history.csv,source_turn_sequence_index,Persisted transcript order identifying the accepted revision source.,ConversationTurn.sequence_index,Directly recorded. Join within session_public_id to conversation_turns.csv.,integer,Rows with the named source record.,"Blank means unavailable or inapplicable, not zero. Historical observations are not backfilled.",response-stage-derivation-v2
response_revision_history.csv,changed_at,Server persistence time of the accepted revision transcript record.,ConversationTurn.created_at,Select the named event and serialize as ISO 8601 UTC; never subtract a client timestamp from a server timestamp.,UTC timestamp,Rows with the named source record.,"Blank means unavailable or inapplicable, not zero. Historical observations are not backfilled.",response-stage-derivation-v2
response_revision_history.csv,changed_field,"Accepted field changed: selected_option, reasoning_text, confidence_rating, tempting_option, tempting_option_reason, or no_tempting_option.",Accepted edit transcript payload,Expand changed_fields using the field mapping; skip a field when recorded previous and new values are equal.,category,Rows with the named source record.,"Blank means unavailable or inapplicable, not zero. Historical observations are not backfilled.",response-stage-derivation-v2
response_revision_history.csv,previous_value,"Previously accepted value, never an unsent draft.",ConversationTurn.structured_payload.previous_response,Directly recorded; blank for older revisions without previous_response.,response value,Rows with the named source record.,"Blank means unavailable or inapplicable, not zero. Historical observations are not backfilled.",response-stage-derivation-v2
response_revision_history.csv,new_value,"Accepted replacement value, not a generated answer key.",Accepted edit transcript payload,Directly recorded; formula-leading free text is escaped for spreadsheet safety.,response value,Rows with the named source record.,"Blank means unavailable or inapplicable, not zero. Historical observations are not backfilled.",response-stage-derivation-v2
response_revision_history.csv,revision_phase,"Accepted edit's phase relative to assessment submission/feedback, or legacy_unspecified.",Accepted edit transcript payload.revision_phase,Use stored revision_phase; legacy_unspecified only when missing.,category,Rows with the named source record.,"Blank means unavailable or inapplicable, not zero. Historical observations are not backfilled.",response-stage-derivation-v2
response_revision_history.csv,coverage,"Whether the revision source retained the previous field, not whether the old answer was nonempty.",Accepted edit transcript payload,before_and_after if previous_response contains the field; previous_value_not_recorded otherwise.,category,Rows with the named source record.,"Blank means unavailable or inapplicable, not zero. Historical observations are not backfilled.",response-stage-derivation-v2
feedback_exposure_events.csv,research_student_id,Stable pseudonymous student join key; not the login name.,Research pseudonymization service,Derived using the configured research pseudonymization key; join only within compatible pseudonym versions.,identifier,Rows with the named source record.,"Blank means unavailable or inapplicable, not zero. Historical observations are not backfilled.",response-stage-derivation-v2
feedback_exposure_events.csv,assessment_public_id,Administered assessment version identifier; corrected versions have different IDs.,AssessmentSession.assessment,Directly recorded; no calculation.,identifier,Rows with the named source record.,"Blank means unavailable or inapplicable, not zero. Historical observations are not backfilled.",response-stage-derivation-v2
feedback_exposure_events.csv,session_public_id,One assessment attempt; the primary join to sessions.csv and attempt_records.csv.,AssessmentSession.session_public_id,Directly recorded; no calculation.,identifier,Rows with the named source record.,"Blank means unavailable or inapplicable, not zero. Historical observations are not backfilled.",response-stage-derivation-v2
feedback_exposure_events.csv,attempt_number,"Original attempt number within the assessment version, not a renumbered completion rank.",AssessmentSession.attempt_number,Directly recorded; waived and incomplete attempts can leave gaps.,integer,Rows with the named source record.,"Blank means unavailable or inapplicable, not zero. Historical observations are not backfilled.",response-stage-derivation-v2
feedback_exposure_events.csv,item_public_id,Item associated with the event or response; not a cross-version equivalence key.,ProcessEvent.item or ItemResponse.item,Directly recorded; no calculation.,identifier,Rows with the named source record.,"Blank means unavailable or inapplicable, not zero. Historical observations are not backfilled.",response-stage-derivation-v2
feedback_exposure_events.csv,item_snapshot_public_id,Snapshot join key for an administered response; pair with its assessment snapshot in item_responses.csv.,ItemResponse administered snapshot,Use the existing snapshot identifier; no snapshot is invented for a viewed item without a response.,identifier,Rows with the named source record.,"Blank means unavailable or inapplicable, not zero. Historical observations are not backfilled.",response-stage-derivation-v2
feedback_exposure_events.csv,item_version,"Administered item version, not the current editable item version.",ItemResponse.item_version_snapshot,Directly recorded.,integer,Rows with the named source record.,"Blank means unavailable or inapplicable, not zero. Historical observations are not backfilled.",response-stage-derivation-v2
feedback_exposure_events.csv,event_type,Stored response-stage observation/outcome or feedback display event type.,ProcessEvent.event_type,Directly recorded.,category,Rows with the named source record.,"Blank means unavailable or inapplicable, not zero. Historical observations are not backfilled.",response-stage-derivation-v2
feedback_exposure_events.csv,event_source,"Component recording the event, normally frontend for observations and backend for action outcomes.",ProcessEvent.event_source,Directly recorded; client observations cannot create backend acceptance.,category,Rows with the named source record.,"Blank means unavailable or inapplicable, not zero. Historical observations are not backfilled.",response-stage-derivation-v2
feedback_exposure_events.csv,occurred_at,Event occurrence time on the event's source clock; frontend and backend rows use different clocks.,ProcessEvent.occurred_at,Select the named event and serialize as ISO 8601 UTC; never subtract a client timestamp from a server timestamp.,UTC timestamp,Rows with the named source record.,"Blank means unavailable or inapplicable, not zero. Historical observations are not backfilled.",response-stage-derivation-v2
feedback_exposure_events.csv,client_occurred_at,Client-reported UTC occurrence time; may be affected by device clock adjustment.,Frontend event envelope,Select the named event and serialize as ISO 8601 UTC; never subtract a client timestamp from a server timestamp.,UTC timestamp,Rows with the named source record.,"Blank means unavailable or inapplicable, not zero. Historical observations are not backfilled.",response-stage-derivation-v2
feedback_exposure_events.csv,content_id,Display-content identity used by the emitting feedback presenter; not a unique event or response identifier.,Feedback event payload.content_id,Directly recorded; multiple event types can describe the same displayed content.,identifier,Only feedback paths emitting this payload; may be blank for legacy/backend events.,"Blank means unavailable or inapplicable, not zero. Historical observations are not backfilled.",response-stage-derivation-v2
feedback_exposure_events.csv,observation_meaning,Interpretation boundary for the feedback display acknowledgement.,Export annotation,"Constant: Display acknowledgement, not proof of reading or understanding.",text,Rows with the named source record.,"Blank means unavailable or inapplicable, not zero. Historical observations are not backfilled.",response-stage-derivation-v2
